{
	"probabilities": {
		"multicast": 0.17478363919670667,
		"unicast": 0.8252163608032933
	},
	"information": {
		"multicast": 2.516357948689948,
		"unicast": 0.27715567039613154
	},
	"entropy": 0.6685315934938816
}
