{
      "probabilities": {
            "192.168.1.9": 0.4642857142857143,
            "192.168.1.4": 0.017857142857142856,
            "192.168.1.6": 0.05714285714285714,
            "192.168.1.1": 0.2,
            "192.168.1.36": 0.05,
            "192.168.1.7": 0.20714285714285716,
            "192.168.1.5": 0.0035714285714285713
      },
      "information": {
            "192.168.1.9": 1.106915203916512,
            "192.168.1.4": 5.807354922057604,
            "192.168.1.6": 4.129283016944966,
            "192.168.1.1": 2.321928094887362,
            "192.168.1.36": 4.321928094887363,
            "192.168.1.7": 2.2713020218173945,
            "192.168.1.5": 8.129283016944967
      },
      "entropy": 2.0335858796965116,
      "graph": {
            "nodes": [
                  "10:2f:6b:4d:63:5f",
                  "70:f3:95:b9:71:a9",
                  "9c:80:df:80:b4:63",
                  "e8:de:27:1f:0c:87",
                  "ff:ff:ff:ff:ff:ff",
                  "00:23:69:98:c8:b0"
            ],
            "edges": [
                  [
                        "00:23:69:98:c8:b0",
                        "70:f3:95:b9:71:a9",
                        43
                  ],
                  [
                        "00:23:69:98:c8:b0",
                        "ff:ff:ff:ff:ff:ff",
                        132
                  ],
                  [
                        "70:f3:95:b9:71:a9",
                        "00:23:69:98:c8:b0",
                        43
                  ],
                  [
                        "70:f3:95:b9:71:a9",
                        "9c:80:df:80:b4:63",
                        15
                  ],
                  [
                        "9c:80:df:80:b4:63",
                        "ff:ff:ff:ff:ff:ff",
                        37
                  ],
                  [
                        "10:2f:6b:4d:63:5f",
                        "ff:ff:ff:ff:ff:ff",
                        2
                  ],
                  [
                        "e8:de:27:1f:0c:87",
                        "ff:ff:ff:ff:ff:ff",
                        8
                  ]
            ]
      }
}
