{
      "probabilities": {
            "192.168.1.7": 0.21300813008130082,
            "192.168.1.50": 0.011382113821138212,
            "192.168.1.6": 0.05040650406504065,
            "192.168.1.4": 0.06016260162601626,
            "192.168.1.26": 0.4113821138211382,
            "192.168.1.36": 0.04390243902439024,
            "192.168.1.1": 0.2097560975609756
      },
      "information": {
            "192.168.1.7": 2.231019598689152,
            "192.168.1.50": 6.457087678168998,
            "192.168.1.6": 4.310246289839727,
            "192.168.1.4": 4.054989234597652,
            "192.168.1.26": 1.2814490255322921,
            "192.168.1.36": 4.509555098063133,
            "192.168.1.1": 2.253215344803348
      },
      "entropy": 2.20771510313433,
      "graph": {
            "nodes": [
                  "10:2f:6b:4d:63:5f",
                  "ff:ff:ff:ff:ff:ff",
                  "70:f3:95:b9:71:a9",
                  "9c:80:df:80:b4:63",
                  "00:23:69:98:c8:b0",
                  "30:c7:ae:09:52:6a"
            ],
            "edges": [
                  [
                        "9c:80:df:80:b4:63",
                        "ff:ff:ff:ff:ff:ff",
                        79
                  ],
                  [
                        "9c:80:df:80:b4:63",
                        "70:f3:95:b9:71:a9",
                        1
                  ],
                  [
                        "00:23:69:98:c8:b0",
                        "70:f3:95:b9:71:a9",
                        100
                  ],
                  [
                        "00:23:69:98:c8:b0",
                        "ff:ff:ff:ff:ff:ff",
                        296
                  ],
                  [
                        "70:f3:95:b9:71:a9",
                        "00:23:69:98:c8:b0",
                        101
                  ],
                  [
                        "70:f3:95:b9:71:a9",
                        "9c:80:df:80:b4:63",
                        31
                  ],
                  [
                        "30:c7:ae:09:52:6a",
                        "ff:ff:ff:ff:ff:ff",
                        1
                  ],
                  [
                        "10:2f:6b:4d:63:5f",
                        "ff:ff:ff:ff:ff:ff",
                        6
                  ]
            ]
      }
}
