{
      "probabilities": {
            "unicast": 0.9759931101302616,
            "multicast": 0.0240068898697384
      },
      "information": {
            "unicast": 0.03505713154181222,
            "multicast": 5.380407677507493
      },
      "entropy": 0.16338237341395634
}
