{
      "probabilities": {
            "multicast": 0.01442933603355996,
            "unicast": 0.98557066396644
      },
      "information": {
            "multicast": 6.114851274084834,
            "unicast": 0.020968780798554368
      },
      "entropy": 0.10889945904321029
}
