{
      "probabilities": {
            "192.168.0.139": 0.0147736298649722,
            "192.168.0.114": 0.0006354249404289118,
            "192.168.0.106": 0.012549642573471008,
            "192.168.0.69": 0.0004765687053216839,
            "192.168.0.129": 0.0012708498808578236,
            "192.168.0.143": 0.0003177124702144559,
            "192.168.0.193": 0.0009531374106433678,
            "192.168.0.155": 0.28784749801429704,
            "192.168.0.134": 0.005718824463860206,
            "192.168.0.70": 0.0006354249404289118,
            "192.168.0.24": 0.004765687053216839,
            "192.168.0.85": 0.07625099285146943,
            "192.168.0.198": 0.01953931691818904,
            "192.168.0.195": 0.002859412231930103,
            "192.168.0.1": 0.2897537728355838,
            "192.168.0.157": 0.0009531374106433678,
            "192.168.0.55": 0.0007942811755361397,
            "192.168.0.87": 0.0050833995234312946,
            "192.168.0.77": 0.10405083399523431,
            "192.168.0.115": 0.003653693407466243,
            "192.168.0.213": 0.007307386814932486,
            "181.28.248.1": 0.02081016679904686,
            "192.168.99.1": 0.0014297061159650516,
            "192.168.0.66": 0.0003177124702144559,
            "192.168.0.210": 0.0009531374106433678,
            "192.168.0.30": 0.0011119936457505957,
            "192.168.0.64": 0.0006354249404289118,
            "192.168.0.59": 0.0003177124702144559,
            "192.168.0.73": 0.13423351866560762
      },
      "information": {
            "192.168.0.139": 6.080831851498347,
            "192.168.0.114": 10.619990662606378,
            "192.168.0.106": 6.316209914429276,
            "192.168.0.69": 11.035028161885222,
            "192.168.0.129": 9.619990662606378,
            "192.168.0.143": 11.619990662606378,
            "192.168.0.193": 10.035028161885222,
            "192.168.0.155": 1.7966234225601438,
            "192.168.0.134": 7.450065661164067,
            "192.168.0.70": 10.619990662606378,
            "192.168.0.24": 7.71310006699786,
            "192.168.0.85": 3.7131000669978604,
            "192.168.0.198": 5.677476157267139,
            "192.168.0.195": 8.450065661164066,
            "192.168.0.1": 1.7871006484416372,
            "192.168.0.157": 10.035028161885222,
            "192.168.0.55": 10.298062567719017,
            "192.168.0.87": 7.619990662606379,
            "192.168.0.77": 3.2646395661815664,
            "192.168.0.115": 8.096428706549366,
            "192.168.0.213": 7.096428706549366,
            "181.28.248.1": 5.586567661068929,
            "192.168.99.1": 9.450065661164066,
            "192.168.0.66": 11.619990662606378,
            "192.168.0.210": 10.035028161885222,
            "192.168.0.30": 9.812635740548775,
            "192.168.0.64": 10.619990662606378,
            "192.168.0.59": 11.619990662606378,
            "192.168.0.73": 2.897183131436832
      },
      "entropy": 2.7767819423590265,
      "graph": {
            "nodes": [
                  "08:00:27:2d:8f:8c",
                  "04:18:d6:66:21:d8",
                  "08:00:27:15:2a:3b",
                  "00:21:29:85:d7:4f",
                  "d8:cb:8a:20:8b:3e",
                  "44:8a:5b:03:1f:92",
                  "8c:f5:a3:7a:6d:8b",
                  "d8:cb:8a:20:90:67",
                  "6c:27:79:eb:e5:d8",
                  "d8:cb:8a:20:43:c2",
                  "9c:b6:54:12:37:b9",
                  "00:1b:a9:1f:fb:59",
                  "d0:27:88:90:6c:af",
                  "44:37:e6:d9:3a:9c",
                  "dc:cf:96:ee:d6:78",
                  "ff:ff:ff:ff:ff:ff",
                  "6c:3b:e5:50:99:d1",
                  "68:c4:4d:2e:98:a4",
                  "d4:ca:6d:ed:7b:e7",
                  "30:85:a9:eb:e3:9b",
                  "44:37:e6:e9:52:6b",
                  "d8:cb:8a:20:8a:c8",
                  "1c:56:fe:a8:3c:bd",
                  "d8:cb:8a:20:90:39"
            ],
            "edges": [
                  [
                        "d8:cb:8a:20:90:39",
                        "ff:ff:ff:ff:ff:ff",
                        912
                  ],
                  [
                        "d8:cb:8a:20:90:39",
                        "d4:ca:6d:ed:7b:e7",
                        105
                  ],
                  [
                        "d8:cb:8a:20:90:39",
                        "44:37:e6:d9:3a:9c",
                        5
                  ],
                  [
                        "d8:cb:8a:20:90:39",
                        "d8:cb:8a:20:8a:c8",
                        2
                  ],
                  [
                        "d8:cb:8a:20:43:c2",
                        "ff:ff:ff:ff:ff:ff",
                        32
                  ],
                  [
                        "44:37:e6:d9:3a:9c",
                        "ff:ff:ff:ff:ff:ff",
                        1110
                  ],
                  [
                        "44:37:e6:d9:3a:9c",
                        "d8:cb:8a:20:90:39",
                        5
                  ],
                  [
                        "04:18:d6:66:21:d8",
                        "ff:ff:ff:ff:ff:ff",
                        762
                  ],
                  [
                        "30:85:a9:eb:e3:9b",
                        "ff:ff:ff:ff:ff:ff",
                        33
                  ],
                  [
                        "d4:ca:6d:ed:7b:e7",
                        "d8:cb:8a:20:90:39",
                        466
                  ],
                  [
                        "d4:ca:6d:ed:7b:e7",
                        "ff:ff:ff:ff:ff:ff",
                        1730
                  ],
                  [
                        "d8:cb:8a:20:8a:c8",
                        "ff:ff:ff:ff:ff:ff",
                        364
                  ],
                  [
                        "d8:cb:8a:20:8a:c8",
                        "d8:cb:8a:20:90:39",
                        2
                  ],
                  [
                        "d8:cb:8a:20:8b:3e",
                        "ff:ff:ff:ff:ff:ff",
                        356
                  ],
                  [
                        "44:37:e6:e9:52:6b",
                        "ff:ff:ff:ff:ff:ff",
                        59
                  ],
                  [
                        "08:00:27:15:2a:3b",
                        "30:85:a9:eb:e3:9b",
                        62
                  ],
                  [
                        "44:8a:5b:03:1f:92",
                        "ff:ff:ff:ff:ff:ff",
                        5
                  ],
                  [
                        "08:00:27:2d:8f:8c",
                        "ff:ff:ff:ff:ff:ff",
                        18
                  ],
                  [
                        "1c:56:fe:a8:3c:bd",
                        "ff:ff:ff:ff:ff:ff",
                        54
                  ],
                  [
                        "dc:cf:96:ee:d6:78",
                        "ff:ff:ff:ff:ff:ff",
                        4
                  ],
                  [
                        "d8:cb:8a:20:90:67",
                        "ff:ff:ff:ff:ff:ff",
                        16
                  ],
                  [
                        "6c:3b:e5:50:99:d1",
                        "ff:ff:ff:ff:ff:ff",
                        60
                  ],
                  [
                        "6c:27:79:eb:e5:d8",
                        "ff:ff:ff:ff:ff:ff",
                        9
                  ],
                  [
                        "9c:b6:54:12:37:b9",
                        "ff:ff:ff:ff:ff:ff",
                        23
                  ],
                  [
                        "68:c4:4d:2e:98:a4",
                        "ff:ff:ff:ff:ff:ff",
                        32
                  ],
                  [
                        "68:c4:4d:2e:98:a4",
