{
      "probabilities": {
            "multicast": 0.18085868230800708,
            "unicast": 0.8191413176919929
      },
      "information": {
            "multicast": 2.4670652371643937,
            "unicast": 0.28781572880136863
      },
      "entropy": 0.6819519233042777
}
